docker_images,container_name,OS,lang,lib,app,app_server,plugin,runlib,runtime,Docker_Url,Notes,CertOfImageAndPublisher
docker_images,adobecoldfusion/coldfusion,426,,,37,,,,,https://hub.docker.com/r/adobecoldfusion/coldfusion,,Verified Publisher
docker_images,ibmcom/db2,426,,,43,,,,,https://hub.docker.com/r/ibmcom/db2,,Verified Publisher
docker_images,drupal,426,,,45,,,,,https://hub.docker.com/_/drupal,,Official Image
docker_images,jenkins,426,,,90,,,,,https://hub.docker.com/_/jenkins,,Official Image
docker_images,memcached,426,,,98,,,,,https://hub.docker.com/_/memcached,,Official Image
docker_images,bitnami/mongodb,426,,,116,,,,,https://hub.docker.com/r/bitnami/mongodb,,Verified Publisher
docker_images,mysql,426,,,122,,,,,https://hub.docker.com/_/mysql,,Official Image
docker_images,neo4j,426,,,123,,,,,https://hub.docker.com/_/neo4j,,Official Image
docker_images,bitnami/openldap,426,,,126,,,,,https://hub.docker.com/r/bitnami/openldap,,Verified Publisher
docker_images,bitnami/postgresql,426,,,157,,,,,https://hub.docker.com/r/bitnami/postgresql,,Verified Publisher
docker_images,rabbitmq,426,,,165,,,,,https://hub.docker.com/_/rabbitmq,,Official Image
docker_images,redis,426,,,168,,,,,https://hub.docker.com/_/redis,,Official Image
docker_images,sentry,426,,,180,,,,,https://hub.docker.com/_/sentry,,Official Image
docker_images,sonarqube,426,,,186,,,,,https://hub.docker.com/_/sonarqube,,Official Image
docker_images,wordpress,426,,,245,,,,,https://hub.docker.com/_/wordpress,,Official Image
docker_images,ibmcom/zeromq,426,,,248,,,,,https://hub.docker.com/r/ibmcom/zeromq,,Verified Publisher
docker_images,glassfish,426,,,,263,,,,https://hub.docker.com/_/glassfish,,Official Image
docker_images,haproxy,426,,,,264,,,,https://hub.docker.com/_/haproxy,,Official Image
docker_images,nginx,426,,,,274,,,,https://hub.docker.com/_/nginx,,Official Image
docker_images,bitnami/spark,426,,,,280,,,,https://hub.docker.com/r/bitnami/spark,,Verified Publisher
docker_images,groovy,426,325,,,,,,,https://hub.docker.com/_/groovy,,Official Image
docker_images,java,426,331,,,,,,,https://hub.docker.com/_/java,,Official Image
docker_images,perl,426,347,,,,,,,https://hub.docker.com/_/perl,,Official Image
docker_images,php,426,350,,,,,,,https://hub.docker.com/_/php,,Official Image
docker_images,python,426,354,,,,,,,https://hub.docker.com/_/python,,Official Image
docker_images,ruby,426,358,,,,,,,https://hub.docker.com/_/ruby,,Official Image
docker_images,swift,426,364,,,,,,,https://hub.docker.com/_/swift,,Official Image
docker_images,ibmcom/react,426,,413,,,,,,https://hub.docker.com/r/ibmcom/react,,Verified Publisher
docker_images,circleci/android,418,,,,,,,,https://hub.docker.com/r/circleci/android,,Verified Publisher
docker_images,dart,421,,,,,,,,https://hub.docker.com/_/dart,,Official Image
docker_images,centos,427,,,,,,,,https://hub.docker.com/_/centos,,Official Image
docker_images,debian,429,,,,,,,,https://hub.docker.com/_/debian,,Official Image
docker_images,opensuse,431,,,,,,,,https://hub.docker.com/_/opensuse,,Official Image
docker_images,ubuntu,436,,,,,,,,https://hub.docker.com/_/ubuntu,,Official Image
docker_images,fedora,453,,,,,,,,https://hub.docker.com/_/fedora,,Official Image
docker_images,bitnami/wildfly,426,,,,,,493,,https://hub.docker.com/r/bitnami/wildfly,,Verified Publisher
docker_images,docker,426,,,,,,,503,https://hub.docker.com/_/docker,,Official Image
docker_images,ibmcom/json,426,,,,,,,,https://hub.docker.com/r/ibmcom/json,,Verified Publisher
docker_images,java,426,584,,,,,,,https://hub.docker.com/_/java,,Official Image
docker_images,perl,426,585,,,,,,,https://hub.docker.com/_/perl,,Official Image
docker_images,php,426,586,,,,,,,https://hub.docker.com/_/php,,Official Image
docker_images,python,426,587,,,,,,,https://hub.docker.com/_/python,,Official Image
docker_images,ruby,426,588,,,,,,,https://hub.docker.com/_/ruby,,Official Image
docker_images,snyk/snyk,426,,,613,,,,,https://hub.docker.com/r/snyk/snyk,,Verified Publisher
docker_images,varnish,426,,,,615,,,,https://hub.docker.com/_/varnish,,Official Image
docker_images,kasmweb/api,426,,,,,,,,https://hub.docker.com/r/kasmweb/api,,Verified Publisher
docker_images,nuxeo,426,,,,,,,620,https://hub.docker.com/_/nuxeo,,Official Image
docker_images,arangodb,426,,,621,,,,,https://hub.docker.com/_/arangodb,,Official Image
docker_images,bitnami/minio,426,,,625,,,,,https://hub.docker.com/r/bitnami/minio,,Verified Publisher
docker_images,elasticsearch,426,,,626,,,,,https://hub.docker.com/_/elasticsearch,,Official Image
docker_images,bitnami/keycloak,426,,,628,,,,,https://hub.docker.com/r/bitnami/keycloak,,Verified Publisher
docker_images,grafana/grafana,426,,,629,,,,,https://hub.docker.com/r/grafana/grafana,,Verified Publisher
docker_images,mariadb,426,,,642,,,,,https://hub.docker.com/_/mariadb,,Official Image
docker_images,vault,426,,,645,,,,,https://hub.docker.com/_/vault,,Official Image
docker_images,bitnami/etcd,426,,,647,,,,,https://hub.docker.com/r/bitnami/etcd,,Verified Publisher
docker_images,traefik,426,,,,648,,,,https://hub.docker.com/_/traefik,,Official Image
docker_images,bitnami/git,426,,,677,,,,,https://hub.docker.com/r/bitnami/git,,Verified Publisher
docker_images,mysql,426,,,684,,,,,https://hub.docker.com/_/mysql,,Official Image
docker_images,bitnami/postgresql,426,,,686,,,,,https://hub.docker.com/r/bitnami/postgresql,,Verified Publisher
docker_images,ibmcom/isam,426,,,693,,,,,https://hub.docker.com/r/ibmcom/isam,,Verified Publisher
