move2kube_images,container_name,OS,lang,lib,app,app_server,plugin,runlib,runtime,move2kube_correspondent_image_url
move2kube_images,Analytics Engine,576,,,,,,,,https://cloud.ibm.com/catalog/services/analytics-engine
move2kube_images,AnonTech ViziVault Platform,576,,,,,,,,https://cloud.ibm.com/catalog/services/anontech-vizivault-platform
move2kube_images,API Connect,576,,,40,,,,,https://cloud.ibm.com/catalog/services/api-connect
move2kube_images,App Configuration,576,,,,,,,,https://cloud.ibm.com/catalog/services/app-configuration
move2kube_images,App Connect,576,,,40,,,,,https://cloud.ibm.com/catalog/services/app-connect
move2kube_images,App ID,576,,,,,,,,https://cloud.ibm.com/catalog/services/app-id
move2kube_images,Bare Metal Servers for Classic,576,,,,,,,,https://cloud.ibm.com/gen1/infrastructure/provision/bm
move2kube_images,Bare Metal Servers for VPC,576,,,,,,,,https://cloud.ibm.com/vpc-ext/provision/bm
move2kube_images,Block Storage,576,,,,,,,,https://cloud.ibm.com/cloud-storage/block/order
move2kube_images,Block Storage for VPC,576,,,,,,,,https://cloud.ibm.com/vpc-ext/provision/storage
move2kube_images,Block Storage Snapshots for VPC,576,,,,,,,,https://cloud.ibm.com/vpc-ext/provision/snapshot
move2kube_images,Blockchain Platform,576,,,,,,,,https://cloud.ibm.com/catalog/services/blockchain-platform
move2kube_images,Citrix DaaS for IBM Cloud,576,,,649,,,,,https://cloud.ibm.com/wes-ui/citrix-daas
move2kube_images,Client VPN for VPC,428,,,,,,,,https://cloud.ibm.com/vpc-ext/provision/vpnserver
move2kube_images,Cloud for Education,576,,,,,,,,https://cloud.ibm.com/catalog/services/cloud-for-education
move2kube_images,Cloud Foundry,576,,,,,,,,https://cloud.ibm.com/cloudfoundry/overview
move2kube_images,Cloud HSM,576,,,,,,,,https://cloud.ibm.com/catalog/infrastructure/hardware-security-module
move2kube_images,Cloud Native Storage and Data Service,576,,,,,,,,https://cloud.ibm.com/catalog/services/cloud-native-storage-and-data-servi
move2kube_images,Cloudant,576,,,,,,,,https://cloud.ibm.com/catalog/services/cloudant
move2kube_images,Code Engine,576,584,,,,,,,https://cloud.ibm.com/codeengine
move2kube_images,Compliance and Customer Experience Automation,576,,,61,,,,,https://cloud.ibm.com/catalog/services/compliance-and-customer-experience-
move2kube_images,Compose Enterprise,576,,,,,,,,https://cloud.ibm.com/catalog/services/compose-enterprise
move2kube_images,Compose for MySQL,576,,,122,,,,,https://cloud.ibm.com/catalog/services/compose-for-mysql
move2kube_images,Compose for RethinkDB,576,,,,,,,,https://cloud.ibm.com/catalog/services/compose-for-rethinkdb
move2kube_images,Compose for ScyllaDB,576,,,,,,,,https://cloud.ibm.com/catalog/services/compose-for-scylladb
move2kube_images,Consult with IBM Garage,576,,,,,,,,https://cloud.ibm.com/catalog/services/consult-with-ibm-garage
move2kube_images,Container Registry,576,,,,,,,,https://cloud.ibm.com/registry/catalog
move2kube_images,Container Security Services,576,,,,,,,,https://cloud.ibm.com/catalog/infrastructure/container-consulting-referral
move2kube_images,Content Delivery Network,576,,,,,,,,https://cloud.ibm.com/catalog/infrastructure/cdn-powered-by-akamai
move2kube_images,Continuous Delivery,576,,,,,,,,https://cloud.ibm.com/catalog/services/continuous-delivery
move2kube_images,Converlistics,576,,,,,,,,https://cloud.ibm.com/catalog/services/converlistics
move2kube_images,Custom Migrations as a Service,576,,,,,,,,https://cloud.ibm.com/catalog/services/custom-migrations-as-a-service
move2kube_images,Data Engine (previously SQL Query),576,,,581,,,,,https://cloud.ibm.com/catalog/services/data-engine-previously-sql-query
move2kube_images,Data Replication,576,,,676,,,,,https://cloud.ibm.com/catalog/services/data-replication
move2kube_images,Databases for DataStax,576,,,,,,,,https://cloud.ibm.com/databases/databases-for-cassandra/create
move2kube_images,Databases for EDB,576,,,,,,,,https://cloud.ibm.com/databases/databases-for-enterprisedb/create
move2kube_images,Databases for Elasticsearch,576,,,626,,,,,https://cloud.ibm.com/databases/databases-for-elasticsearch/create
move2kube_images,Databases for etcd,576,,,647,,,,,https://cloud.ibm.com/databases/databases-for-etcd/create
move2kube_images,Databases for MongoDB,576,,,116,,,,,https://cloud.ibm.com/databases/databases-for-mongodb/create
move2kube_images,Databases for MySQL,576,,,122,,,,,https://cloud.ibm.com/databases/databases-for-mysql/create
move2kube_images,Databases for PostgreSQL,576,,,157,,,,,https://cloud.ibm.com/databases/databases-for-postgresql/create
move2kube_images,Databases for Redis,576,,,168,,,,,https://cloud.ibm.com/databases/databases-for-redis/create
move2kube_images,DataStage,576,,,67,,,,,https://cloud.ibm.com/catalog/services/datastage
move2kube_images,Db2,576,,,43,,,,,https://cloud.ibm.com/catalog/services/db2
move2kube_images,Db2 Warehouse,576,,,43,,,,,https://cloud.ibm.com/catalog/services/db2-warehouse
move2kube_images,Dedicated Host for VPC,576,,,,,,,,https://cloud.ibm.com/vpc-ext/provision/dedicatedHost
move2kube_images,Direct Link Connect,576,,,40,,,,,https://cloud.ibm.com/interconnectivity/direct-link/connect/provision
move2kube_images,Direct Link Connect on Classic,576,,,40,,,,,https://cloud.ibm.com/catalog/infrastructure/direct-link-cloud-connect
move2kube_images,Direct Link Dedicated,576,,,40,,,,,https://cloud.ibm.com/interconnectivity/direct-link/dedicated/provision
move2kube_images,Direct Link Dedicated Hosting on Classic,576,,,40,,,,,https://cloud.ibm.com/catalog/infrastructure/direct_link_colocation
move2kube_images,Direct Link Dedicated on Classic,576,,,40,,,,,https://cloud.ibm.com/catalog/infrastructure/direct-link-network-service-p
move2kube_images,Direct Link Exchange on Classic,576,,,40,,,,,https://cloud.ibm.com/catalog/infrastructure/direct-link-cloud-exchange
move2kube_images,Direct Link Exchange on Classic,576,,,104,,,,,https://cloud.ibm.com/catalog/infrastructure/direct-link-cloud-exchange
move2kube_images,Dizzion DaaS,576,,,,,,,,https://cloud.ibm.com/catalog/services/dizzion-daas
move2kube_images,DNS Services,576,,,,,,,,https://cloud.ibm.com/catalog/services/dns-services
move2kube_images,Domain Name Registration,576,,,,,,,,https://cloud.ibm.com/catalog/infrastructure/domain_registration
move2kube_images,"Email Delivery, powered by Sendgrid",576,,,,,,,,https://cloud.ibm.com/catalog/infrastructure/email-delivery
move2kube_images,Event Notifications,576,,,,,,,,https://cloud.ibm.com/catalog/services/event-notifications
move2kube_images,Event Streams,576,,,,,,,,https://cloud.ibm.com/eventstreams-provisioning/6a7f4e38-f218-48ef-9dd2-df
move2kube_images,File Storage,576,,,,,,,,https://cloud.ibm.com/cloud-storage/file/order
move2kube_images,Flow Logs for VPC,576,584,,,,,,,https://cloud.ibm.com/vpc-ext/provision/flowLog
move2kube_images,FortiGate Security Appliance 10Gbps,576,,,,,,,,https://cloud.ibm.com/netsec/firewalls/multi-vlan/provision#about
move2kube_images,Functions,576,,,,,,,,https://cloud.ibm.com/openwhisk
move2kube_images,Gateway Appliance,576,,,,,,,,https://cloud.ibm.com/catalog/infrastructure/gateway-appliance
move2kube_images,Hardware Firewall,428,,,,,,,,https://cloud.ibm.com/netsec/firewalls/single-server/provision#about
move2kube_images,HDM Cloud Connect NSX-V to NSX-T,576,,,40,,,,,https://cloud.ibm.com/catalog/services/hdm-cloud-connect-nsx-v-to-nsx-t
move2kube_images,HDM VMware Workload Analyzer,576,,,,,,,,https://cloud.ibm.com/catalog/services/hdm-vmware-workload-analyzer
move2kube_images,HDM VMware Workload Migrator,576,,,,,,,,https://cloud.ibm.com/catalog/services/hdm-vmware-workload-migrator
move2kube_images,Hyper Protect Crypto Services,576,,,,,,,,https://cloud.ibm.com/catalog/services/hyper-protect-crypto-services
move2kube_images,Hyper Protect DBaaS for MongoDB,576,,,116,,,,,https://cloud.ibm.com/catalog/services/hyper-protect-dbaas-for-mongodb
move2kube_images,Hyper Protect DBaaS for PostgreSQL,576,,,157,,,,,https://cloud.ibm.com/catalog/services/hyper-protect-dbaas-for-postgresql
move2kube_images,Hyper Protect Virtual Server,576,,,,,,,,https://cloud.ibm.com/catalog/services/hyper-protect-virtual-server
move2kube_images,IBM Cloud Activity Tracker,576,,,649,,,,,https://cloud.ibm.com/catalog/services/logdnaat?callback=/observe/activity
move2kube_images,IBM Cloud Backup,576,,,649,,,,,https://cloud.ibm.com/cloud-storage/backup/order
move2kube_images,IBM Cloud Backup for VPC,576,,,649,,,,,https://cloud.ibm.com/vpc-ext/provision/backupPolicy
move2kube_images,IBM Cloud Data Shield,576,,,649,,,,,https://cloud.ibm.com/catalog/services/ibm-cloud-data-shield
move2kube_images,IBM Cloud Monitoring,576,,,649,,,,,https://cloud.ibm.com/catalog/services/ibm-cloud-monitoring?callback=/obse
move2kube_images,IBM Cloud Monitoring,576,,,77,,,,,https://cloud.ibm.com/catalog/services/ibm-cloud-monitoring?callback=/obse
move2kube_images,IBM Cognos Dashboard Embedded,576,,,36,,,,,https://cloud.ibm.com/catalog/services/ibm-cognos-dashboard-embedded
move2kube_images,IBM Log Analysis,576,,,,,,,,https://cloud.ibm.com/catalog/services/logdna?callback=/observe/logging/cr
move2kube_images,IBM Match 360 with Watson,597,,,,,,,,https://cloud.ibm.com/catalog/services/ibm-match-360-with-watson
move2kube_images,Informix,576,330,,,,,,,https://cloud.ibm.com/catalog/services/informix
move2kube_images,Internet of Things Platform,576,,,107,,,,,https://cloud.ibm.com/catalog/services/internet-of-things-platform
move2kube_images,Internet Services,576,,,,,,,,https://cloud.ibm.com/catalog/services/internet-services
move2kube_images,IPSec VPN,428,,,,,,,,https://cloud.ibm.com/catalog/infrastructure/ipsec-vpn
move2kube_images,Key Protect,576,,,,,,,,https://cloud.ibm.com/catalog/services/key-protect
move2kube_images,Knowledge Studio,576,,,111,,,,,https://cloud.ibm.com/catalog/services/knowledge-studio
move2kube_images,Kubernetes Service,576,,,,,,,,https://cloud.ibm.com/kubernetes/catalog/create
move2kube_images,Language Translator,576,,,,,,,,https://cloud.ibm.com/catalog/services/language-translator
move2kube_images,Load Balancer for VPC,576,,,,,,,,https://cloud.ibm.com/vpc-ext/provision/loadBalancer
move2kube_images,Load Balancers for Classic,576,,,,,,,,https://cloud.ibm.com/catalog/infrastructure/load-balancer-group
move2kube_images,Managed Network Security Services,576,,,,,,,,https://cloud.ibm.com/catalog/infrastructure/mnss-referral
move2kube_images,Mass Data Migration,576,,,,,,,,https://cloud.ibm.com/mdms
move2kube_images,Messages for RabbitMQ,576,,,165,,,,,https://cloud.ibm.com/databases/messages-for-rabbitmq/create
move2kube_images,MinIO,576,,,625,,,,,https://cloud.ibm.com/catalog/services/minio
move2kube_images,MQ,576,,,81,,,,,https://cloud.ibm.com/catalog/services/mq
move2kube_images,Natural Language Understanding,576,653,,,,,,,https://cloud.ibm.com/catalog/services/natural-language-understanding
move2kube_images,Netezza Performance Server,576,,,,,,,,https://cloud.ibm.com/nzsaas/create
move2kube_images,NeuralSeek,576,,,,,,,,https://cloud.ibm.com/catalog/services/neuralseek
move2kube_images,Object Storage,576,,,,,,,,https://cloud.ibm.com/objectstorage/create
move2kube_images,Portworx Enterprise,576,,,,,,,,https://cloud.ibm.com/catalog/services/portworx-enterprise
move2kube_images,Professional Services for Government(only available in US),576,,,,,,,,https://cloud.ibm.com/catalog/infrastructure/professional-services-for-gov
move2kube_images,PX-Backup for Kubernetes,576,,,,,,,,https://cloud.ibm.com/catalog/services/px-backup-for-kubernetes
move2kube_images,Qiskit Runtime,576,,,636,,,,,https://cloud.ibm.com/catalog/services/qiskit-runtime
move2kube_images,Raxak Protect,576,,,,,,,,https://cloud.ibm.com/catalog/services/raxak-protect
move2kube_images,Red Hat OpenShift on IBM Cloud,434,,,649,,,,,https://cloud.ibm.com/kubernetes/catalog/create?platformType=openshift
move2kube_images,Satellite,576,,,,,,,,https://cloud.ibm.com/satellite/overview
move2kube_images,Schematics,576,,,,,,,,https://cloud.ibm.com/schematics
move2kube_images,Secondary Subnets,576,,,,,,,,https://cloud.ibm.com/networking/subnets/provision
move2kube_images,Secrets Manager,576,,,,,,,,https://cloud.ibm.com/catalog/services/secrets-manager
move2kube_images,Secure Gateway,576,,,,,,,,https://cloud.ibm.com/catalog/services/secure-gateway
move2kube_images,Security and Compliance Center,576,,,,,,,,https://cloud.ibm.com/security-compliance/catalog
move2kube_images,SimpleCloud,576,,,,,,,,https://cloud.ibm.com/catalog/services/simplecloud
move2kube_images,Skytap On IBM Cloud,576,,,649,,,,,https://cloud.ibm.com/catalog/services/skytap-on-ibm-cloud
move2kube_images,Speech to Text,576,,,,,,,,https://cloud.ibm.com/catalog/services/speech-to-text
move2kube_images,SSL Certificates,576,,,,,,,,https://cloud.ibm.com/catalog/infrastructure/ssl-certificate
move2kube_images,Statum KPI,576,,,,,,,,https://cloud.ibm.com/catalog/services/statum-kpi
move2kube_images,Streaming Analytics,576,,,,,,,,https://cloud.ibm.com/catalog/services/streaming-analytics
move2kube_images,Text to Speech,576,,,,,,,,https://cloud.ibm.com/catalog/services/text-to-speech
move2kube_images,Toolchain,576,,,,,,,,https://cloud.ibm.com/devops/create
move2kube_images,Transit Gateway,576,,,,,,,,https://cloud.ibm.com/interconnectivity/transit/provision
move2kube_images,Virtual Private Cloud,576,,,,,,,,https://cloud.ibm.com/vpc-ext/provision/vpc
move2kube_images,Virtual Private Endpoint for VPC,576,,,,,,,,https://cloud.ibm.com/vpc-ext/provision/endpointGateway
move2kube_images,Virtual Server for Classic,576,,,,,,,,https://cloud.ibm.com/gen1/infrastructure/provision/vs
move2kube_images,Virtual Server for VPC,576,,,,,,,,https://cloud.ibm.com/vpc-ext/provision/vs
move2kube_images,VLAN,576,,,,,,,,https://cloud.ibm.com/networking/vlans/provision
move2kube_images,VMware Solutions,576,,,,,,,,https://cloud.ibm.com/vmware
move2kube_images,VPC+ Cloud Migration,576,,,,,,,,https://cloud.ibm.com/catalog/services/vpc-cloud-migration
move2kube_images,VPC+ DRaaS (VPC+ Disaster Recovery as a Service),576,,,,,,,,https://cloud.ibm.com/catalog/services/vpc-draas-vpc-disaster-recovery-as-
move2kube_images,VPN for VPC,428,,,,,,,,https://cloud.ibm.com/vpc-ext/provision/vpngateway
move2kube_images,Watson Assistant,576,,,,,,,,https://cloud.ibm.com/catalog/services/watson-assistant
move2kube_images,Watson Discovery,576,,,,,,,,https://cloud.ibm.com/catalog/services/watson-discovery
move2kube_images,Watson Knowledge Catalog,576,,,,,,,,https://cloud.ibm.com/catalog/services/watson-knowledge-catalog
move2kube_images,Watson Machine Learning,576,,,,,,,,https://cloud.ibm.com/catalog/services/watson-machine-learning
move2kube_images,Watson OpenScale,576,,,,,,,,https://cloud.ibm.com/catalog/services/watson-openscale
move2kube_images,Watson Query,576,,,,,,,,https://cloud.ibm.com/catalog/services/watson-query
move2kube_images,Watson Studio,576,,,111,,,,,https://cloud.ibm.com/catalog/services/watson-studio
move2kube_images,Workspace for Power Systems Virtual Server,576,,,,,,,,https://cloud.ibm.com/power
move2kube_images,2 Zone VPC,576,,,,,,,,https://cloud.ibm.com/catalog/content/2-zone-vpc-f10d9ae9-ac94-4718-b24a-3
move2kube_images,AnonTech ViziVault for IKS (Self-Managed),576,,,,,,,,https://cloud.ibm.com/catalog/content/vizivault-platform-d8528634-156a-4f2
move2kube_images,Baffle Data Protection Services for IBM Cloud,576,,,649,,,,,https://cloud.ibm.com/catalog/content/baffle-manager-d366c6b4-1e9b-4027-85
move2kube_images,Baffle Shield for IBM Cloud,576,,,649,,,,,https://cloud.ibm.com/catalog/content/baffle-shield-b9dfd9a4-6243-4941-816
move2kube_images,Change Cloud™,576,,,,,,,,https://cloud.ibm.com/catalog/content/ChangeCloud-296ef84a-5e33-41c9-8b1e-
move2kube_images,Check Point CloudGuard IaaS Security Gateway,428,,,,,,,,https://cloud.ibm.com/catalog/content/checkpoint-iaas-gw-ibm-vpc-1.0.7-9ed
move2kube_images,Check Point CloudGuard IaaS Security Management,428,,,,,,,,https://cloud.ibm.com/catalog/content/checkpoint-iaas-mgmt-ibm-vpc-1.0.7-9
move2kube_images,Cloud Pak for Data,576,,,,,,,,https://cloud.ibm.com/cloudpaks/data/overview
move2kube_images,Cloud Pak for Integration,576,,,233,,,,,https://cloud.ibm.com/catalog/content/ibm-cp-integration-72f63273-f2f6-4e9
move2kube_images,Cloud Pak for Multicloud Management,576,,,,,,,,https://cloud.ibm.com/catalog/content/ibm-cp-management::1-2c621076-b5eb-4
move2kube_images,Cloud Pak for Security,576,,,,,,,,https://cloud.ibm.com/catalog/content/ibm-cp-security::1-b25bd169-0fbd-4cf
move2kube_images,CloudHedge App Modernization Platform,576,,,,,,,,https://cloud.ibm.com/catalog/content/ch-appliance-helmchart-7feb97a3-9749
move2kube_images,Connected Agile® Platform,576,,,,,,,,https://cloud.ibm.com/catalog/content/Connected-Agile-Platform-e5610b06-ce
move2kube_images,Delivery Innovation Platform (BASIC),576,301,,,,,,,https://cloud.ibm.com/catalog/content/DIPBasic-753f085e-ff37-49cc-8d21-4f9
move2kube_images,Delivery Innovation Platform (PREMIUM),576,,,,,,,,https://cloud.ibm.com/catalog/content/delivery_innovation_platform_softwar
move2kube_images,Delphix Data Compliance for IBM Cloud,576,,,649,,,,,https://cloud.ibm.com/catalog/content/delphix-ibm-cloud-schematics-delphix
move2kube_images,Delphix DevOps Data Platform for IBM Cloud,576,,,649,,,,,https://cloud.ibm.com/catalog/content/delphix-ibm-cloud-schematics-delphix
move2kube_images,F5 BIG-IP Virtual Edition for VPC,576,,,,,,,,https://cloud.ibm.com/catalog/content/ibmcloud_schematics_bigip_multinic_d
move2kube_images,F5 Container Ingress Services Operator,576,,,,,,,,https://cloud.ibm.com/catalog/content/f5-bigip-ctlr-operator-b9022d6c-1fe5
move2kube_images,FalconStor StorSafe VTL for PowerVS,576,,,,,,,,https://cloud.ibm.com/catalog/content/vtltile-tags-v10.03-01-f1e88e51-7e3d
move2kube_images,FileMage Gateway,576,,,,,,,,https://cloud.ibm.com/catalog/content/ibm-filemage-schematics-0.0.1-e0cfca
move2kube_images,Fortinet FortiGate Next-Generation Firewall - A/P HA,428,586,,,,,,,https://cloud.ibm.com/catalog/content/ibm-fortigate-AP-HA-terraform-deploy
move2kube_images,Fortinet FortiGate Next-Generation Firewall - Single VM,428,586,,,,,,,https://cloud.ibm.com/catalog/content/ibm-fortigate-terraform-deploy-1f878
move2kube_images,GeneXus,576,,,,,,,,https://cloud.ibm.com/catalog/content/gx-sell-c-2.0.1-df7b99f4-97a1-47c2-b
move2kube_images,Go Gin App,576,323,,,,,,,https://cloud.ibm.com/developer/appservice/starter-kits/f631a89d-b4ad-3d90
move2kube_images,IBM Cloud Block Storage plug-in,576,,,649,,,,,https://cloud.ibm.com/catalog/content/ibmcloud-block-storage-plugin-51baa7
move2kube_images,IBM High Availability infrastructure for 3-tier MZR,576,,,,,,,,https://cloud.ibm.com/catalog/content/IBM_High_Availability_infrastructure
move2kube_images,IBM High Availability infrastructure for 3-tier SAZ,576,,,,,,,,https://cloud.ibm.com/catalog/content/IBM_High_Availability_infrastructure
move2kube_images,IBM Spectrum LSF,576,,,605,,,,,https://cloud.ibm.com/catalog/content/terraform-1623200063-71606cab-c6e1-4
move2kube_images,IBM Spectrum Scale,576,,,605,,,,,https://cloud.ibm.com/catalog/content/ibm-spectrum-scale-d722b6b6-8bb5-450
move2kube_images,IBM Spectrum Symphony,576,,,605,,,,,https://cloud.ibm.com/catalog/content/terraform-1627942334-78300480-b376-4
move2kube_images,Java Liberty App,576,584,,,,,,,https://cloud.ibm.com/developer/appservice/starter-kits/687d91f2-ba5c-3914
move2kube_images,Java Spring App,576,,398,,,,,,https://cloud.ibm.com/developer/appservice/starter-kits/9798dc4d-25be-3b5f
move2kube_images,Juniper SSR (Session Smart Router / 128T),430,,,144,,,,,https://cloud.ibm.com/catalog/content/juniper-ssr-catalog-deploy-1.0-28725
move2kube_images,Juniper vSRX Next-Generation Firewall,428,,,,,,,,https://cloud.ibm.com/catalog/content/juniper-vsrx-catalog-deploy-1.4-dc1e
move2kube_images,Juniper vSRX Next-Generation Firewall,430,,,,,,,,https://cloud.ibm.com/catalog/content/juniper-vsrx-catalog-deploy-1.4-dc1e
move2kube_images,Kasten by Veeam  - Enterprise Data Protection for Kubernetes,576,,,,,,,,https://cloud.ibm.com/catalog/content/k10-8bd412c9-55a6-4ed1-ac85-fef553d9
move2kube_images,LAMP,576,,,,,,,,https://cloud.ibm.com/catalog/content/LAMP-1a04ac82-7daf-404b-b4e0-ca73e2b
move2kube_images,LEMP,576,,,,,,,,https://cloud.ibm.com/catalog/content/LEMP-b3b877c9-4d05-48c3-b9ba-a06d1f0
move2kube_images,Mobile Foundation,576,,,72,,,,,https://cloud.ibm.com/catalog/content/ibm-mobilefoundation-9185d29a-e943-4
move2kube_images,Natural Language Understanding Node.js App,576,653,,,,,,507,https://cloud.ibm.com/developer/watson/create-app?defaultDeploymentToolcha
move2kube_images,Node-RED App,576,,,,,,,507,https://cloud.ibm.com/developer/appservice/starter-kits/59c9d5bd-4d31-3611
move2kube_images,Node.js Express App,576,,408,,,,,507,https://cloud.ibm.com/developer/appservice/starter-kits/26ad9ecb-1b83-3ad0
move2kube_images,NSX Advanced Load Balancer,576,,,,,,,,https://cloud.ibm.com/catalog/content/devops-0.1-d3248738-607e-4f66-a299-7
move2kube_images,PAYTESTER,576,,,,,,,,https://cloud.ibm.com/catalog/content/paytesterv1-1.0.0-e5e6f95a-9da6-4681
move2kube_images,Plesk,576,,,,,,,,https://cloud.ibm.com/catalog/content/plesk-ibm-cloud-1.0-d488618d-9d96-4c
move2kube_images,PrestoDB - free open source Presto,576,584,397,,,,,,https://cloud.ibm.com/catalog/content/presto-a7bc4279-12da-440d-b648-a41b6
move2kube_images,Prisma Cloud Compute Edition - BYOL,576,,,,,,,,https://cloud.ibm.com/catalog/content/prisma-cloud-compute-console-operato
move2kube_images,Python Django App,576,587,,,,,,,https://cloud.ibm.com/developer/appservice/starter-kits/5ef1a664-8ff5-3ebb
move2kube_images,Python Flask App,576,587,,,,,,,https://cloud.ibm.com/developer/appservice/starter-kits/db553c13-0d86-3291
move2kube_images,QuantaStor Virtual Storage Appliance,576,,,,,,,,https://cloud.ibm.com/catalog/content/quantastor-c979e9eb-7056-4c80-b99b-b
move2kube_images,Rackware RMM,576,,,,,,,,https://cloud.ibm.com/catalog/content/Rackware-Golden-Template-1.11-065454
move2kube_images,RackWare RMM - BYOL,576,,,,,,,,https://cloud.ibm.com/catalog/content/IBM-MarketPlace-P2P-1.3-22935832-bd7
move2kube_images,RackWare SWIFT - BYOL,576,364,,,,,,,https://cloud.ibm.com/catalog/content/RackWareSWIFT-IBM-BYOL-1.2.0-c548731
move2kube_images,SAP BW/4HANA,576,,,177,,,,,https://cloud.ibm.com/catalog/content/content-ibm-sap-vpc-automation-bw4ha
move2kube_images,SAP NetWeaver(ABAP stack) with DB2 standard system,576,,,43,,,,,https://cloud.ibm.com/catalog/content/sapsingletierdb2-20099bf4-f33a-4ce6-
move2kube_images,SAP S/4HANA,576,,,,,,,,https://cloud.ibm.com/catalog/content/content-ibm-sap-vpc-automation-s4han
move2kube_images,Secured Enterprise File Services Platform ,576,,,,,,,,https://cloud.ibm.com/catalog/content/CTERA_Secure_Enterprise_File_Service
move2kube_images,Spectrum Protect,576,,,,,,,,https://cloud.ibm.com/catalog/content/SPonIBMCloud-20c54034-d319-48c0-beb6
move2kube_images,Spectrum Protect Plus Management Server,576,583,,,,,,,https://cloud.ibm.com/catalog/content/SPPserver-c7e2d4f2-35c4-44ca-8b43-6f
move2kube_images,Spectrum Protect Plus vSnap Repository,576,583,,,,,,,https://cloud.ibm.com/catalog/content/vSnap-f646479d-55e0-469f-b181-413116
move2kube_images,Swift Kitura App,576,364,,,,,,,https://cloud.ibm.com/developer/appservice/starter-kits/63472919-e008-30e1
move2kube_images,Tanium Cloud Appliance for the IBM Cloud,576,,,649,,,,,https://cloud.ibm.com/catalog/content/tan-pycatalog-1.0-82ac26b1-d93e-4a11
move2kube_images,Tanium Endpoint Client (for Linux),576,,,,,,,,https://cloud.ibm.com/catalog/content/.-0a5708da-db12-4b23-b704-c098ef20e4
move2kube_images,TidalScale Software-Defined Servers,576,,,,,,,,https://cloud.ibm.com/catalog/content/node-red-operator-certified::2-7650c
move2kube_images,TrilioVault for Kubernetes,576,,,,,,,,https://cloud.ibm.com/catalog/content/k8s-triliovault-operator-7dbb5777-6b
move2kube_images,Turbonomic Application Resource Management,576,,,,,,,,https://cloud.ibm.com/catalog/content/t8c-certified-75bcad22-cfe7-49e7-84e
move2kube_images,Vantage on VMware Analytics Bundle,576,,,,,,,,https://cloud.ibm.com/catalog/content/teradata-vantage-on-vmware-dev-bundl
move2kube_images,Vantage on VMware Dev Tier 17.10,576,,,,,,,,https://cloud.ibm.com/catalog/content/teradata-vantage-on-vmware-dev-tier-
move2kube_images,VM-Series Firewall - BYOL,428,,,,,,,,https://cloud.ibm.com/catalog/content/ibmcloud-vmseries-1.9-6470816d-562d-
move2kube_images,WebSphere Application Server,576,,,,,,,,https://cloud.ibm.com/catalog/content/.::1-b9f20fe3-baac-459b-b047-cb4ae9e
